number,Exponnorm_Off_peak,Exponnorm_Peak,Mean_OP,Mean_p,flow,Line,label,Off_peak_std_dev,Peak_std_dev,Off_peak_decay_rate,Peak_decay_rate
,,,,,,,,,,,
9,"(2.6598327633279473, 55.36111221294156, 25.00109921680961)","(3.388104030098151, 61.0186172366972, 20.722916925467075)",121.859855,131.2300156,10575474,Line1,High,66.0432105,73.20573573,0.015037878,0.014242702
44,"(2.3540623964644944, 54.79725336243757, 31.2627159862203)","(2.6007552055181047, 77.00154654832825, 24.955571281631425)",128.3916375,141.9048785,10120380,Line1,High,73.63202417,69.535768,0.013587993,0.015407529
14,"(3.7277318501471846, 52.81043202720367, 20.704014091527817)","(3.898500451854403, 55.42618188460115, 19.744821287070202)",129.9894448,132.4013766,4571213,Line1,High,79.90779818,79.46721694,0.01295689,0.012991198
11,"(2.9557465405445793, 59.35195336714245, 21.918536902348663)","(2.660571344420677, 61.01477437616012, 27.198820970285297)",124.137593,133.3791781,3506321,Line1,High,68.39299205,77.30706812,0.015435519,0.013818949
10,"2.802420057992547, 50.69198798905373, 22.733135557798548","(3.4602260524278194, 57.14310668700938, 17.67776332289121)",114.7706766,118.3121639,2912292,Line1,High,67.7176898,63.67226142,0.008853215,0.016348135
12,"(3.4475763185937676, 58.35408999826112, 17.575984474213623)","(3.1431103905943782, 59.731637651219486, 22.17029725768034)",118.9486378,129.4153293,2871120,Line1,High,63.09211091,73.12550147,0.016503135,0.01435056
7,"(2.759398514966799, 58.95012928192239, 17.760518919747057)","(3.181888067904177, 61.4848002408188, 17.389562719310376)",107.94,116.8164424,2768356,Line1,High,52.927163,57.99989234,0.020347,0.018072842
41,"(3.632709597179999, 59.757579352943935, 19.607371804581845)","(3.5196209531860605, 58.506758848147, 21.997993831291506)",130.9854671,135.9313589,2551351,Line1,High,73.87733766,80.48900807,0.014039445,0.012915792
16,"(1.642300117879924, 72.19238841864632, 32.64239615275176£©","(2.0918936785330136, 75.74870705238862, 27.279279793820876)",125.654,132.548,2509215,Line1,High,62.76471306,63.25040406,0.01865372,0.017523768
8,"(3.2019143054756487, 52.13569153240243, 19.114545094244406)","(3.158293541503042, 60.55383582969526, 17.33641446230549)",113.3388269,115.3073217,2067052,Line1,High,64.11855905,57.43252978,0.016339032,0.018263677
52,"(2.9127956993052384, 63.45637529228495, 34.36127006643675)","(3.40501240929244, 64.29399193236358, 22.67104263566255)",163.543735,141.4891734,1752743,Line1,Med,105.8214366,80.45540518,0.009991272,0.012954176
48,"(3.052272080962966, 44.21047501549013, 20.506178200403177)","(4.9485345073529245, 51.41136145415804, 18.93383632492356)",106.8009102,145.1061039,1631011,Line1,Med,65.86399566,95.58867565,0.015976882,0.010672957
13,"(3.1957543820749317, 58.867761099576995, 20.195412957470026)","(3.317915951207333, 57.31376119626819, 17.51583561933758)",123.4073406,115.4298316,1624794,Line1,Med,67.62552788,60.69828775,0.015494368,0.017206945
6,"(2.751817873426741, 48.5319241971234, 23.45125796539159)","(3.24487862956419, 58.63647952459876, 18.44907283221977)",113.065515,118.5014817,1473779,Line1,Med,64.592235,62.64332984,0.015495805,0.016704251
15,"(2.950567942898741, 51.004472249018605, 23.099935960601588)","(3.188083192765931, 58.73865555893369, 24.97565574177585)",119.1624028,138.3631239,1441065,Line1,Med,71.96603737,83.44962152,0.014671807,0.012558954
45,"(2.7025008335994243, 44.85084083653929, 19.01497198891245)","(2.9621333795808775, 64.034307851639184, 20.021704861113903)",96.23881849,123.3412681,1431430,Line1,Med,54.79318759,62.59540082,0.019459805,0.016861427
54,"(3.594900101574163, 58.86093065549473, 26.464273705757027)","(3.6554469583905664, 65.24807128165624, 22.49914801109375)",153.9973509,147.4925134,1333949,Line1,Med,98.74865183,85.26640562,0.010511222,0.012158876
55,"(2.6856564953289306, 65.68301552665045, 29.677093131860744)","(2.172247077408337, 85.05912181920723, 35.98333691448369)",145.3854935,163.2238203,1320409,Line1,Med,85.04830889,86.04952422,0.012546661,0.012793499
5,"(2.7456539997278826, 51.00798928735924, 22.411660027740233)","(3.015044571742539, 59.29929381470901, 19.075226016246148)",112.5426533,116.8119505,1156298,Line1,Med,61.59588857,60.59348086,0.016251003,0.017387477
46,"(2.539998476282438, 54.43209004686179, 21.420792842195873)","(3.932847457355, 57.91770612252108, 15.833039701488696)",108.8408712,120.1866361,1155681,Line1,Med,58.47363368,64.25032903,0.018379386,0.016059373
42,"(3.1437976643493597, 61.6267423991355, 22.271809105940953)","(3.020321941753557, 55.6755530659912, 19.685320159011376)",131.6448038,115.1315575,1102176,Line1,Med,73.47491007,62.63009093,0.014282029,0.016819159
50,"(3.656199318384035, 41.96305398610352, 20.590119762341075)","(3.285798835188483,55.23590651278043, 23.2496459190173)",117.2446358,131.629566,1056285,Line1,Med,78.04658606,79.85322313,0.013283462,0.013090092
47,"(2.720537958245828, 58.3267599837124, 27.126775556638915)","(4.407233254106765,70.668421196423694, 17.932803888140562)",132.1261826,149.7024708,1011403,Line1,Med,78.62707375,81.04299141,0.013550242,0.012652774
53,"(2.6651114404902975, 66.4199632352661, 40.55847888384356)","(2.167901849500738, 66.6455102656513, 31.960732142382632)",174.5128293,135.9332406,989252,Line1,Med,115.4515392,76.30385293,0.009251304,0.01443257
187,"(2.8650242907932473, 56.202539082940845, 23.356552107965516)","(2.937004216022644, 58.08005473974968, 26.563574965742646)",123.1196282,136.0973864,716140,Line1,Med,70.87612676,82.41557835,0.014943866,0.012817665
180,"(3.1194574568444091, 55.35303840748304, 21.10850849799693)","(2.3526419349535175, 69.77859159762102, 28.741850144943776)",121.2001326,137.3978735,695680,Line1,Med,69.14773279,73.4742216,0.015186699,0.014788681
51,"(3.756006010417209, 58.57177535638044, 22.9949450782544)","(3.405127976806485, 68.3242676203205, 27.312114158711246)",144.9409273,161.3255116,684630,Line1,Med,89.37783787,96.92875203,0.011578208,0.010752544
43,"(2.4918786854713377, 59.697543053993996, 21.00145511913689)","(2.2343677595111933, 72.01243067445517, 25.34009059961943)",112.0306214,128.6315121,604087,Line1,Med,56.38982363,62.03096466,0.019108373,0.01766189
49,"(5.737925597401747, 45.46803072355313, 15.301046967137765)","(4.302198952475143, 48.425947782235745, 22.704166052099154)",133.2642998,146.1037872,569505,Line1,Med,89.11962129,100.2818003,0.011390006,0.010237737
188,"(3.278992490177046, 47.86394153703485, 19.08794562715277)","(2.18007940443607, 75.11641262011528, 24.75366019640078)",110.4531719,129.0813574,326397,Line1,Low,65.43516964,59.3713648,0.01597719,0.018530548
189,"(2.85361519531601, 73.860780227513025, 19.518761631480693)","(2.1057478560850127, 71.22232532310339, 20.063399849714205)",129.554,113.7880301,207383,Line1,Low,58.774,46.77042323,0.01797,0.023669501
190,"(2.9401043808234973, 61.985302502192766, 23.848471390301455)","(2.657786792572162, 69.689914311464264, 20.92933793111652)",132.079496,121.1297647,150310,Line1,Low,74.264052,59.43279971,0.014941376,0.017977296
,,,,,,,,,,,
26,"(3.662046201900657, 63.53341179983667, 23.712699788192197)","(3.7151333966430204, 63.54211811023477, 23.75265720588117)",150.370414,151.7864082,4142142,Line2,High,90.01642673,91.38513801,0.011515828,0.011332178
25,"(3.2945201729765263, 59.15467727147512, 20.90910277218479)","(3.0509218970965906, 62.051230503131904, 22.209610665360863)",128.0401382,129.811018,2806587,Line2,High,68.96419784,71.30677113,0.014516851,0.014758016
17,"(2.7421483725772697, 81.04103828464108, 36.49666838628435)","(2.439773102914324, 105.65223638498463, 35.895923802399835)",181.1203181,191.1,2633431,Line2,High,106.5263773,94.64886455,0.009992078,0.011418405
21,"(3.775206511415782, 56.44829963765132, 19.995368859100115)","(3.3761043725786353, 67.78256678143748, 24.641356897440012)",131.9349464,150.9743595,2286311,Line2,High,78.09000325,86.76445617,0.013247376,0.012020417
33,"(3.0537018275944745, 59.874828181181186, 23.091343567247762)","(3.541482600470868, 65.37401685517617, 24.992734835126843)",130.3889062,153.8853524,2267481,Line2,High,74.19868834,91.9722421,0.014181565,0.011297988
30,"(3.6828838248968436, 60.36852236991851, 22.080211039351184)","(3.4450313107331203, 54.24686318519777, 19.445029290069208)",141.6873745,121.2355979,2045408,Line2,High,84.263227,69.75385112,0.012297271,0.014927883
24,"(3.173677193194717, 48.41132221627042, 22.681042406241218)","(3.0435200205081405, 57.35625108087828, 20.767016352602333)",120.3936292,120.5610811,2071603,Line2,High,72.05223625,66.52908768,0.013892303,0.015821576
2,"(3.4825296781006525, 65.64144803076866, 23.887754938680295)","(2.7363921424455415, 61.78728914629596, 23.52021200857294)",148.8312635,126.1478125,1828789,Line2,Med,86.55154673,68.52355315,0.012020702,0.015537475
28,"(3.657790885127202, 61.19844366399347, 22.28231573571093)","(3.4553001134858268, 54.79829651408622, 19.719973664628256)",142.7024951,122.9367238,1703572,Line2,Med,84.49504121,70.93463631,0.012269329,0.014676006
29,"(3.6546663186596096, 61.232160951067314, 22.293089320351097)","(3.112203158599966, 62.21496814314109, 23.648616801358976)",142.7059636,135.814268,1691457,Line2,Med,84.46870636,77.30532985,0.012273884,0.013587086
22,"(3.4848624168811217, 62.63010123098317, 21.65849357249997)","(3.526244646693965, 52.61975637394215, 16.68755896312142)",138.1069715,111.4641718,1607340,Line2,Med,78.52291568,61.16485801,0.013249092,0.016993966
40,"(3.032184758946546, 43.01749157392554, 20.796829742495866)","(5.1526781752461, 44.37383608059005, 12.774133721030953)",106.0773218,110.1948361,1446602,Line2,Med,66.40068004,67.04910542,0.015857956,0.01519272
27,"(2.9995787752712824, 58.42444510447308, 22.198372640272787)","(3.6749679194437634, 63.5150844171165, 23.414418582767595)",125.0102125,149.5623216,1441702,Line2,Med,70.18854729,89.17601705,0.015018224,0.011621524
36,"(3.0411761381310143, 61.9448063211925, 21.766352947799525)","(3.3869876670136407, 53.401570011964964, 24.949521800955416)",128.1401195,137.9052926,1250395,Line2,Med,69.68208959,88.10991873,0.01510681,0.011833798
31,"(3.7073217399717944, 55.50265825153078, 19.126260237167052)","(3.837385693902416, 59.46074935696905, 21.15909724975983)",126.4098586,140.6563664,1246864,Line2,Med,73.44143855,83.90730379,0.01410294,0.012315936
19,"(3.1803510929942957, 55.965702498692075, 18.710472226537327)","(3.6078834041594035, 63.61556427695989, 21.921535813564738)",115.4715733,142.7059095,1230431,Line2,Med,62.37812461,82.07214171,0.016805065,0.012643768
20,"(3.137343387888984, 56.20511355152743, 18.702397147634443)","(3.753233541447441, 62.119365343028385, 21.107699277465507)",114.8809556,141.3414903,1053624,Line2,Med,61.58436569,81.98585271,0.017042789,0.012622736
23,"(3.4742987345681904, 52.98575665901821, 17.394957913675054)","(3.487119517229845, 63.25318805311652, 22.22226870618423)",113.4210369,140.744895,956343,Line2,Med,62.88885165,80.61509702,0.016546626,0.012904607
18,"(2.3750442831880387, 81.30186890488325, 35.40383746058913)","(1.6584888547562797, 98.23735486078654, 48.27304580252294)",165.3875507,178.2976633,884583,Line2,Med,91.23504581,93.48764592,0.011892631,0.012490584
32,"(4.160314688614014, 56.407211272751425, 19.391454967548807)","(4.06855095565013, 59.08473858779617, 20.837347306971225)",137.0817662,143.8625479,807555,Line2,Med,82.97235889,87.30104233,0.012395482,0.01179554
37,"(3.408068338704476, 62.80816299928265, 28.62667681357897)","(3.072091942279207, 79.35131271036224, 26.75510610391099)",160.3698339,161.5454586,804687,Line2,Med,101.6748064,86.43907287,0.010249927,0.012166317
39,"(3.407797478135941, 52.64650762893491, 24.502630916401312)","(2.4566864503092596, 71.85933256908038, 26.885583107033717)",136.1465115,137.9087803,771666,Line2,Med,87.02085706,71.31173903,0.011976047,0.015140172
38,"(3.5686060444144307, 45.678327950769926, 21.727224220669388)","(2.4825347858152638, 69.40657697421605, 25.95178765100222)",123.2142316,133.8327926,771225,Line2,Med,80.52259703,69.45669542,0.012897251,0.015521632
35,"(3.436713001508341, 38.53672422085003, 18.80902258730263)","(3.278186773879006, 55.235049960580575, 19.77908353086523)",103.1779367,120.07458,737191,Line2,Med,67.32210395,67.78920858,0.015470007,0.01542269
34,"(3.9774962534747536, 45.12291893906462, 21.90795277938102)","(3.079923144632904, 55.303864229698945, 20.311570243461325)",132.261719,117.8619395,581332,Line2,Med,89.85059197,65.77288705,0.011475944,0.015985147
163,"(3.4771645251691687, 53.06615966664454, 26.53315378173268)","(2.5723588769674794, 76.67432671208266, 28.743186112867065)",145.3263007,150.6121167,311887,Line2,Low,95.99969729,79.32822657,0.010838917,0.013524884
162,"(3.5069232018080942, 50.790861621238854, 25.569823515394916)","(2.585977687713931, 73.95878764997745, 27.757869105849664)",140.462269,145.7400178,266375,Line2,Low,93.24578903,76.96131692,0.011151827,0.013931218
160,"(2.3248205320014765, 83.12436031353555, 39.790760306337354)","(2.2666508889773063, 96.34034476401732, 37.78491654794226)",175.6307369,181.9855594,201382,Line2,Low,100.701213,93.60984305,0.010810066,0.011676076
161,"(2.799764573206724, 58.4507101951844, 31.652933222668334)","(2.4698208468328406, 78.49354326805226, 29.428088004906)",147.0714713,151.1756485,59049,Line2,Low,94.10391849,78.41365178,0.011284038,0.013758545
9,"(2.988009973648677, 53.748929914187904, 24.114643031970168)","(3.358730454233625, 75.62128362560935, 21.68512298040806)",125.8037238,135.3860017,10575474,Line2,High,75.98295421,75.99412126,0.013878327,0.01372976
,,,,,,,,,,,
44,"(2.371661946107651,70.4702674103228, 38.98878444025436)","(2.09454681018479, 74.5609643331714, 42.869989084648)",162.9384838,164.3541632,10120380,Line3,High,100.3518627,99.5020328,0.010814527,0.011136701
14,"(2.883498391989851, 63.70412510462252, 36.00203030514683)","(3.266839998421574, 89.97475820708752, 33.09627755551739)",167.5159216,198.0950015,4571213,Line3,High,109.8773647,113.0723247,0.009632817,0.009248962
26,"(3.458695590186956, 63.68374890616688, 24.532138740253718)","(3.5690660103572736, 63.19552316583626, 24.149590839763643)",148.532949,149.387007,4142142,Line3,High,88.32447331,89.51075144,0.011785615,0.011602074
93,"(3.372498197832111, 54.42739373881956, 19.11509619854233)","(3.0669269119376485, 59.8317411126587, 25.947737991254748)",118.8930212,139.4115571,3204689,Line3,High,67.23989909,83.70323897,0.015512143,0.012566
101,"(3.8048443950716493, 56.5918143745852, 22.677996313028515)","(4.228407128077972, 53.77153978194457, 19.542743282027665)",142.8780615,136.4062148,2937935,Line3,High,89.21663503,84.91412325,0.011589332,0.012101457
98,"(3.8094492484649365, 60.170016298261274, 25.384779624087663)","(3.5784551941950573, 61.89367033927843, 26.000872580692466)",156.872046,154.9366279,2185967,Line3,High,99.97834554,96.6076463,0.010341045,0.010747724
102,"(4.21340955409848, 53.29481379656771, 21.385588987926628)","(3.769446173549038, 54.42524476412645, 21.711756102379262)",143.4010588,136.2665407,2076300,Line3,High,90.20470166,84.67229817,0.010602244,0.01109801
97,"(4.329420013782025, 54.00491574305107, 20.188954309069814)","(3.705356288337831, 53.59374302081302, 20.445734110270784)",141.4113786,129.3524725,2012183,Line3,High,89.70776791,78.46918588,0.011440802,0.013199799
92,"(3.022208363659005, 59.6267608533077, 25.195670320612983)","(3.4256931769120875, 50.915060512711975, 17.421215413658253)",135.7733264,110.5947993,1972114,Line3,Med,80.20674068,62.17049113,0.013132569,0.016756106
100,"(3.8123702997330713, 56.60629490482107, 22.611341298127336)","(3.960394934385975, 50.81921434820971, 21.468544206624145)",142.8091009,135.8431281,1650137,Line3,Med,89.119002,87.6924415,0.01160055,0.011761397
99,"(3.8361216633259687, 59.867765478185966, 24.5874823182074)","(3.719963567631598, 59.37367892529643, 24.593550740912526)",154.188339,150.8607917,1519152,Line3,Med,97.4726366,94.73507554,0.010602141,0.010930501
90,"(3.962846724678741, 56.329105251824316, 20.798929764603045)","(4.758095784348706, 46.55756693863182, 14.7948051560741)",138.7520759,116.952667,1219034,Line3,Med,85.0067149,71.93299917,0.01213254,0.014205534
96,"(3.9731659250136637, 54.45319415837936, 18.83458005393466)","(3.100428570749353, 70.46953456194413, 27.377123765092833)",129.2861058,155.3503513,1124376,Line3,Med,77.16674204,89.18665792,0.013363104,0.011781225
113,"(3.2508802313997425, 68.61349348139743, 27.04635019037226)","(2.9053606600837734, 86.33112295404302, 35.47768967926352)",156.5379386,189.4066069,1063855,Line3,Med,91.99028816,109.0101915,0.011373401,0.009701628
95,"(4.184069826425366, 37.74544366481364, 15.50246970971385)","(3.9752076434045818, 47.05272020429458, 20.111971187684865)",102.6088594,127.0019818,945720,Line3,Med,66.69024868,82.44013473,0.015417011,0.012507933
91,"(4.132301591151631, 58.49277356775996, 19.798369806913716)","(3.5827194071779385, 54.23685567935456, 18.066036349768915)",140.3056086,118.9623947,825388,Line3,Med,84.17431572,67.1995318,0.012223021,0.015449852
108,"(3.6755413333517826, 50.65848258203614, 26.29523821185864)","(3.595389005007197, 60.84724998513677, 24.372126878953274)",147.3077175,148.474527,791817,Line3,Med,100.1624389,90.95350595,0.010346693,0.011411972
105,"(3.23919566792591, 51.10653496634211, 26.49262192423413)","(3.490178410685645, 59.54426421020062, 24.145487224146486)",136.9213211,143.8163224,758966,Line3,Med,89.81111591,87.66290179,0.011653003,0.011866329
73,"(3.7489977678913204, 56.64664075436623, 19.334022151907362)","(3.278466754376088, 68.70921282362656, 25.686168666965514)",129.1298466,152.9204628,658812,Line3,Med,75.01746163,88.04154639,0.013796299,0.011874898
89,"(4.123999620506384, 55.578121347339994, 19.655397143880663)","(3.5952701354743093, 62.64861695349822, 24.502282115799815)",136.6369717,150.7409401,656761,Line3,Med,83.40786449,91.43642177,0.012336716,0.011351727
111,"(3.335193728700464, 63.9714118936197, 31.955933004963914)","(3.108296259546009, 81.35098435444843, 33.46418041641)",170.5506392,185.3675712,648797,Line3,Med,111.2668565,109.2671117,0.009382691,0.009613851
104,"(3.1550163017970596, 51.5180280042979, 26.58413781595656)","(3.3465568159378756, 65.33648508975762, 26.28784547776052)",135.3914162,153.3102535,616402,Line3,Med,87.98557625,91.81739899,0.011922733,0.011367025
112,"(3.1773243497191417, 67.36785605844966, 26.736844281014815)","(3.324248249106841, 76.89367644477377, 31.296692746234953)",152.3194824,180.9316525,579438,Line3,Med,89.05974211,108.6433773,0.011771405,0.009611875
94,"(3.464039788816272, 61.26790412083489, 22.44086489479894)","(3.0507824677005413, 59.93718448641098, 27.217947599795973)",139.003953,142.9732218,576162,Line3,Med,80.91035604,87.38306569,0.012864045,0.012042964
106,"(3.048337102236628, 46.74129934773631, 24.761255393211442)","(3.550535442587593, 59.77021295901393, 24.1047860810149)",122.2219529,145.3551103,575329,Line3,Med,79.43833346,88.91465211,0.013248428,0.011684304
109,"(3.1645789662584896, 59.632412989995714, 30.611016559326075)","(3.442265267016041, 72.20719876117712, 30.08605900062159)",156.5033921,175.7713947,513433,Line3,Med,101.5924256,107.8457863,0.010323009,0.009655847
110,"(3.338752925750179, 63.37620240214335, 31.661152521358158)","(3.529525620190447, 71.97487417244649, 29.27875252081928)",169.084968,175.3149813,486225,Line3,Low,110.3484105,107.4077422,0.009459953,0.009676785
103,"(4.232322697638825, 44.01635615509346, 19.309381220666097)","(4.0173240518576545, 40.06610136280615, 16.89596703759613)",125.7398886,107.9426761,427342,Line3,Low,83.97373371,69.94785989,0.012236378,0.014732623
107,"(3.7510925348648145, 57.2172041304559, 23.01751265902554)","(3.5261008805918074, 45.07296709314544, 23.883966849990166)",143.558024,129.2902436,271256,Line3,Low,89.35627046,87.53852604,0.011582007,0.011874048
,,,,,,,,,,,
,,,,,,,,,,,
,,,,,,,,,,,
11,"(2.8857978354698455, 58.49487557914957, 22.41517664039624)","(2.9492619496813925, 56.32303686482291, 25.117474386267904)",123.1805438,130.4010483,3506321,Line4,High,68.45930045,78.22045324,0.015459375,0.013499282
34,"(3.2233565998160403, 50.152224270764385, 22.69518442340724)","(3.2171277639183185, 44.040286775238215, 18.72138575330621)",123.3068968,104.2693767,581332,Line4,Med,76.59423936,63.07165412,0.013669667,0.016603273
98,"(3.6583823030637745, 39.17546278785947, 18.258271017152918)","(3.528842656445248, 35.722275255844465, 20.22589273305155)",105.9711984,107.0962683,2185967,Line4,High,69.24618944,74.18445672,0.014971016,0.014010706
114,"(3.975247000751507, 32.225283230906854, 14.55250189247939)","(3.636990725257178, 40.16741743582149, 18.57229595809629)",90.07507273,107.7146856,1962032,Line4,Med,59.65210354,70.05400496,0.017286148,0.014804448
115,"(2.4185615120528308, 76.93044756714919, 35.24045892961805)","(1.7021517538788038, 100.4222381691264, 45.02917316392663)",162.1616652,177.0687242,825669,Line4,Med,92.22933592,88.89493947,0.01173279,0.013046913
116,"(3.9170894905782774, 37.79614897976161, 18.16378874798003)","(4.138337664014669, 33.547606557068406, 15.987608273572306)",108.945335,99.70972803,929000,Line4,Med,73.43112346,68.06636421,0.014054975,0.015114388
117,"(4.095144337879261, 35.86680107692164, 17.142096988299635)","(4.267872362287601, 34.0858227827719, 19.232102253771085)",106.0661625,116.1659805,325807,Line4,Low,72.2620359,84.30317931,0.014245144,0.012183212
118,"(4.028454102225549, 37.30014384515667, 18.168485146331037)","(4.169450425994263, 38.899310381833374, 15.125217101714899)",110.4910524,101.9631533,607324,Line4,Med,75.41222011,64.85229735,0.013662899,0.015856947
119,"(3.972676983710194, 37.12392895319705, 17.93571781726014)","(4.26543700993024, 30.766948304747586, 14.497907208111265)",108.3767423,92.60685828,711326,Line4,Med,73.47552916,63.51664175,0.014034534,0.016170787
120,"(4.010994112149833, 36.462940321746444, 17.701552913761684)","(3.6429460569971153, 37.80717755126774, 16.821071565357204)",107.4637648,99.08543388,269807,Line4,Low,73.17418983,63.54504818,0.014084343,0.016319002
121,"(3.8375915281360067, 38.81199518686687, 18.76572710375913)","(3.7175816846770777, 38.13351581985042, 16.92616497958074)",110.8271905,101.0579167,468498,Line4,Low,74.42003007,65.16114864,0.013885958,0.015892086
122,"(3.770881226761645, 39.923282844403225, 19.420938961175086)","(3.6875089354373634, 39.568948080402336, 17.461257535400485)",113.157337,103.9574913,620544,Line4,Med,75.76542454,66.71416647,0.01365485,0.015530713
123,"(4.597024750401127, 29.177360753408703, 13.797473134691636)","(4.10944322558297, 33.90070121101057, 14.749078615009072)",92.60468625,94.51120241,149160,Line4,Low,64.9106762,62.37922872,0.015766075,0.016498791
124,"(3.987776944427325, 35.67796502679384, 15.718189939900666)","(4.218857565345978, 33.60823126036992, 16.354733611051394)",98.35860048,102.6065229,180424,Line4,Low,64.62138621,70.9100949,0.015953891,0.014493112
125,"(4.368951959509079, 33.13832589431898, 14.45465542427361)","(4.725774012468838, 29.978273858741872, 14.348714270225912)",96.29002103,97.78705487,106988,Line4,Low,64.78482587,69.3102906,0.015834888,0.014747353
126,"(3.2275306847488823, 51.125319665418864, 25.572092019200092)","(3.1444029227456767, 57.61504190027401, 26.442312171862667)",133.6600313,140.7603256,55565,Line4,Low,86.40550052,87.24869094,0.012116114,0.01202714
127,"(2.907212061909272, 57.69630664427662, 28.846010710420636)","(3.3000665448455972, 53.11394508855095, 25.558974725453922)",141.5577769,137.4602625,103745,Line4,Low,88.68392487,88.13377588,0.011924427,0.011855882
128,"(3.514340475625505, 47.43835193679743, 23.779607569111903)","(3.619377236858852, 46.19212715929052, 23.30802741635251)",131.0079893,130.552671,619389,Line4,Med,86.88701875,87.52122887,0.011966068,0.011853883
,,,,,,,,,,,
,,,,,,,,,,,
,,,,,,,,,,,
95,"(4.589671381698652, 28.758981580129905, 15.010928699138152)","(4.359135486595927, 31.65306732265197, 16.72006745010666)",97.65421144,104.5381067,945720,Line7,Med,70.51156415,74.77826969,0.014514793,0.013720237
178,"(4.581217811572368, 28.122749293706686, 14.748655940151806)","(4.546069102973435, 27.090762803938805, 14.112961040232562)",95.68955458,91.24925894,206802,Line7,Low,69.15776189,65.69237624,0.014800167,0.0155864
179,"(4.4489427126833965, 28.00451945052819, 14.613003256409545)","(4.681761062394052, 26.411102321318676, 13.758830746511801)",93.0169338,90.82666037,115136,Line7,Low,66.63447969,65.86857781,0.015381678,0.0155242
180,"(3.9363915402658254, 38.11584166232142, 17.78662531584729)","(3.5547989906731265, 44.5119205344954, 20.835367565628438)",108.1309631,118.5774641,695680,Line7,Med,72.23905639,76.9403489,0.014282629,0.013501555
181,"(3.6335849411503203, 42.298720213177404, 19.668284008255647)","(3.749910547177873, 40.12037681737787, 18.87069917327)",113.7651008,110.8838107,471596,Line7,Low,74.123444,73.23637661,0.013992593,0.014131592
182,"(3.393126962359957, 47.83792851069891, 22.07481160527037)","(3.7637546723594126, 42.04189192817087, 19.42630212083843)",122.740567,115.1577273,427134,Line7,Low,78.08778748,75.6525386,0.013350665,0.013676928
183,"(4.059748242146386, 37.78904997480997, 17.50286897871147)","(4.136729235242101, 35.963686302420314, 17.017316995963817)",108.8462915,106.359719,220948,Line7,Low,73.18115879,72.42368743,0.014073161,0.014205346
184,"(3.9029259737217172, 39.22566107535232, 18.376655534166844)","(4.26026892039965, 34.864776942004895, 16.09182488312276)",110.9483873,103.4202784,300500,Line7,Low,74.0395227,70.41877309,0.013942582,0.014586721
185,"(3.7224031261762125, 41.07976656241088, 19.282247810678548)","(4.359231722650388, 34.52885904278597, 16.409415799994022)",112.8560661,106.0613049,343219,Line7,Low,74.32120999,73.39046085,0.013932175,0.01397967
186,"(3.5647523785188495, 45.55001648749426, 21.1678987778744)","(3.8999360816078803, 39.97754920518139, 18.618748837679874)",121.008334,112.5894796,259319,Line7,Low,78.37115299,74.96099147,0.01325235,0.013771842
,,,,,,,,,,,
,,,,,,,,,,,
,,,,,,,,,,,
,,,,,,,,,,,
1,"(3.969601137329966, 37.1779145986203, 18.365021283657796)","(4.220735146847767, 32.835195465557646, 14.575134732517654)",110.079724,94.3529789,219901,Line10,Low,75.17943746,63.22082118,0.013717081,0.016255462
2,"(4.080961684792502, 35.99543440114124, 17.661622361337322)","(4.046248392006051, 34.196191071755614, 15.273885280892145)",108.0718385,95.99812483,1828789,Line10,Med,74.20876592,63.66137438,0.013874166,0.016180723
3,"(3.848752752748114, 39.93340468615535, 19.35449202570056)","(3.872773849435764, 37.191032799158535, 16.747230177298675)",114.4240591,102.0492679,1557033,Line10,Med,76.96397835,66.98552363,0.013424503,0.015418243
4,"(3.7910444384408803, 40.31869667901027, 19.496018746749385)","(3.988915944654506, 35.96057093078241, 16.167741873786426)",114.2289701,100.4523343,418398,Line10,Low,76.43836254,66.48746812,0.013529919,0.015505856
5,"(2.585539426738751, 67.48594111299472, 30.664165298897025)","(2.3292711862405753, 65.6493486738233, 26.954378525505113)",146.7693495,128.4334059,1156298,Line10,Med,85.00676371,68.32551767,0.012612979,0.01592761
56,"(3.8725911874878145, 40.16727999930967, 19.383389969948333)","(3.998957524562293, 35.884463686493916, 16.161783452655783)",115.2312252,100.5147492,199307,Line10,Low,77.52619991,66.62039518,0.013321975,0.015472622
57,"(4.031078392051663, 34.40762997129228, 15.392701915538627)","(3.986716287929504, 38.17047864288341, 18.551793049609344)",96.45681806,112.1312142,242497,Line10,Low,63.92993833,76.25194702,0.016116246,0.013520688
58,"(4.177733059648535, 33.79882312349645, 14.943285422870261)","(3.8324913316298277, 39.083509242458106, 18.85927975636963)",96.22788065,111.3615354,400194,Line10,Low,64.19259306,74.69796184,0.016018182,0.013835464
59,"(4.09479723762073, 36.45630678419918, 16.35992847765199)","(3.6866577368075504, 42.29477716805249, 20.288155522925557)",103.4468967,117.0902627,499564,Line10,Low,68.95930974,77.49821875,0.01492747,0.013369791
60,"(3.9581609454227262, 38.04888224558794, 17.35520165884966)","(3.578972135756085, 44.179830977999046, 21.421601305288238)",106.7435637,120.8471452,456222,Line10,Low,70.85310352,79.60378173,0.014557168,0.013043368
61,"(3.340174434813843, 48.0198240703392, 23.22971634064364)","(4.038623425229698, 38.108237546423155, 17.228553977259274)",125.6111287,107.6878792,844505,Line10,Med,80.99401384,71.68088733,0.012888042,0.01437202
62,"(3.8038633394664965, 41.328318413830445, 19.798147349063456)","(3.8839774558536764, 40.26864669139552, 18.502649685168247)",116.6377653,112.1325209,769075,Line10,Med,77.86834677,74.20757689,0.013278547,0.013915197
63,"(3.677504678620794, 41.75199671886084, 20.026574904406484)","(3.8156569320874514, 40.56938311560167, 18.702238319913988)",115.3998196,111.9307084,451129,Line10,Low,76.32211686,73.77135261,0.013578134,0.014013193
64,"(3.6320627500310483, 43.18949233865435, 20.65628857555288)","(3.9272619742464503, 38.44736710670132, 17.62855621647838)",118.2144286,107.6793256,654322,Line10,Med,77.81660056,71.44109511,0.013328902,0.014444196
,,,,,,,,,,,
,,,,,,,,,,,
72,"(3.594828850832868, 45.3229160470344, 22.039553886987186)","(4.246064409515844, 36.972679718561395, 15.710724412906204)",124.5513402,103.6814275,338519,Lines8,Low,82.23676266,68.53381568,0.012621733,0.014990538
73,"(3.532376954216616, 46.69074861586641, 20.10519576845919)","(3.011045628797672, 57.29275250500149, 27.093685469245777)",117.7098788,138.8730757,658812,Lines8,Med,73.81013311,85.96171779,0.014080713,0.012257858
74,"(3.516338680105458, 46.47038983584366, 22.76039054832337)","(4.380198686888198, 34.77267478289191, 15.242486903597662)",126.5036315,101.5377959,388314,Lines8,Low,83.20670134,68.48295266,0.012494808,0.01497788
75,"(3.338047743460983, 49.8307598556068, 24.128160336689014)","(3.8398334825164167, 41.481875674352395, 18.033362389090684)",130.371711,110.7269844,801296,Lines8,Med,84.07742227,71.55478487,0.012416044,0.014441453
76,"(3.8440769313422227, 43.94772160919396, 21.524104929089816)","(3.828414795495443, 41.39853520729727, 17.98079145486667)",126.6880368,110.2364632,383674,Lines8,Low,85.49413346,71.14751716,0.012086007,0.014526875
77,"(3.9748884325097795, 42.29474535154838, 20.61969226776658)","(4.080639632103601, 38.062863497751316, 16.547247437166746)",124.2557216,105.5862172,574352,Lines8,Med,84.5149297,69.52132545,0.012200928,0.014809691
78,"(4.057222420930492, 39.282386912224624, 17.145674496816035)","(3.9952096832591613, 42.08184944971013, 20.61433673840679)",108.8462019,124.4404472,644463,Lines8,Med,71.64564544,84.89929035,0.01437529,0.012142023
79,"(3.8591097661545914, 43.99432650419034, 21.63012951974379)","(3.9847385206618924, 38.87662807823684, 16.77756231859332)",127.4673706,105.7308269,63491,Lines8,Low,86.2299924,68.92728416,0.011979915,0.014957924
80,"(4.245275338878166, 39.11218156948345, 18.97506379572328)","(3.854499028244885, 39.020854126411365, 16.890167042214294)",119.666552,104.1239866,153475,Lines8,Low,82.75904563,67.25842399,0.012413976,0.015360244
81,"(4.037693211698832, 41.248832161149075, 20.20126788782717)","(4.172326410106658, 36.50659962178313, 15.721006496033556)",122.8153544,102.0997702,108842,Lines8,Low,84.03087987,67.45082708,0.012259932,0.01524549
82,"(4.100577851741685, 39.91710795826508, 19.53371036079345)","(4.287177875385187, 35.26249760513528, 14.954138252576705)",120.016608,99.37354827,686324,Lines8,Med,82.44692688,65.83200641,0.012484472,0.015597935
83,"(4.248149675643741, 36.968687526540734, 16.003282575005976)","(3.95176949464528, 41.96553201926005, 20.453903323415688)",104.9530272,122.7946432,717570,Lines8,Med,69.84250493,83.37689955,0.01470927,0.01237178
84,"(4.083904487148633, 37.42234841838152, 16.12144228752318)","(3.995823580663294, 41.35736779949417, 20.302495595818044)",103.2607789,122.4825584,346255,Lines8,Low,67.78347757,83.62707627,0.015188697,0.012326627
85,"(4.1387490289562585, 35.71094447600179, 15.386307817578215)","(4.110011187380733, 40.7111747676385, 19.921217488100893)",99.39101102,122.5876015,252055,Lines8,Low,65.51251287,84.2650827,0.015703501,0.012213528
86,"(4.19305884977987, 40.56750265308048, 19.871857607101614)","(3.5387208658767246, 48.89153051456102, 23.516901088658418)",123.8913711,132.1112791,54816,Lines8,Low,85.66071311,86.47873259,0.012001363,0.012016379
87,"(3.9799878170450906, 42.91538044785899, 21.137053028082214)","(3.5184705224881734, 49.841848827744286, 23.179438092691175)",127.040594,131.3980185,220991,Lines8,Low,86.73999403,84.78617316,0.011887043,0.012261488
88,"(3.786836008958533, 46.477907408251326, 22.446261247851403)","(3.941124939966616, 47.075939540127415, 21.78514405328606)",131.4782178,132.9339141,208861,Lines8,Low,87.91409105,88.57868985,0.011764663,0.011647142
176,"(3.771393912628803, 46.41778826213837, 22.216895408979248)","(3.8774801769478966, 42.05723905644365, 18.801233823196142)",130.2064524,114.9586505,382880,Lines8,Low,86.68408547,75.28679954,0.011934789,0.013717156
177,"(4.064238192229595, 40.85398521265205, 20.018022004735652)","(4.638441142136701, 35.06284705467898, 15.56765210456124)",122.2119948,107.2724851,472283,Lines8,Low,83.78452677,73.8686917,0.012291353,0.013848567
,,,,,,,,,,,
,,,,,,,,,,,
,,,,,,,,,,,
,,,,,,,,,,,
,,,,,,,,,,,
,,,,,,,,,,,
,,,,,,,,,,,
,,,,,,,,,,,
,,,,,,,,,,,
33,"(4.66393034407492, 67.98220353694812, 21.21396828041111)","(7.677778421527556, 57.84990445305115, 15.184629571856874)",166.9226739,174.4341257,2267481,Lines6,High,101.189175,117.5689314,0.010107088,0.00857749
164,"(3.280136719202853, 49.66746820962244, 25.328979720092327)","(2.7181152383241165, 63.45851233894705, 29.361973118804514)",132.7499846,143.2677389,81328,Lines6,Low,86.8577098,85.03903874,0.012036227,0.01252988
165,"(3.31253680312396, 49.27606267505, 24.79300802460188)","(3.0323064415218406, 57.54153772327328, 26.230445621158708)",131.4038142,137.0802869,400682,Lines6,Low,85.78846554,83.75230686,0.012176152,0.012572488
166,"(3.2047201168246153, 50.072999406884904, 25.286218964094374)","(2.967820285160662, 57.686431250908655, 26.26431400235078)",131.108254,135.6341951,243904,Lines6,Low,84.88878228,82.25368127,0.012340308,0.012829104
167,"(3.651725431995306, 44.237045222162834, 22.335830509290112)","(3.4689552266497987, 48.694092289941665, 23.140123337593028)",125.8013655,128.9661441,37647,Lines6,Low,84.56729671,83.54081402,0.012260263,0.012457636
168,"(3.5166915989216454, 47.50640888347987, 22.544911081433476)","(3.31591146937948, 48.69502440498603, 24.816601327876768)",126.7899083,130.9846774,63436,Lines6,Low,82.42661156,85.95028033,0.012612965,0.012152196
169,"(4.056248720345554, 41.95960521164392, 19.79340899980649)","(3.454588230847924, 46.38545173867889, 23.986831388629195)",122.2465951,129.2500771,176712,Lines6,Low,82.69086885,86.26653015,0.012455318,0.012067876
170,"(4.03211676588025, 40.028166772621184, 20.430867883728595)","(3.571487123317599, 47.01621597150009, 22.707707527621153)",122.4078117,128.116501,142209,Lines6,Low,84.87535721,84.21933397,0.012138921,0.012330413
171,"(3.6101155220552004, 44.56887808032455, 22.495383213507765)","(3.925852060600332, 43.746468074242216, 20.57772636508959)",125.7798102,124.5315775,389132,Lines6,Low,84.26896084,83.36472115,0.012313613,0.012378519
172,"(3.546419494599286, 45.264648938131785, 23.131398312733367)","(3.6667177427489883, 45.912170230920104, 21.61393202695949)",127.2982909,125.1643583,57729,Lines6,Low,85.2325055,82.14664551,0.012190121,0.012617948
173,"(4.2273286778586705, 40.45555963449901, 18.711245111282558)","(3.4521105432916963, 46.38686645630815, 23.84048367631256)",119.5541427,128.6868515,154593,Lines6,Low,81.28158792,85.68346516,0.012642451,0.01215067
174,"(4.212218413171661, 40.588714991166015, 18.727093401840243)","(3.3833256848682245, 48.1083018802922, 24.602666162762347)",119.4713226,131.3471342,278684,Lines6,Low,81.07508753,86.7985852,0.012677066,0.012013624
175,"(3.5511388030645836, 46.922497417047595, 22.685124926004356)","(3.3877189595760804, 47.84580075594738, 24.489609587525578)",127.4805248,130.8097155,165059,Lines6,Low,83.69116242,86.50290239,0.012413412,0.012053433
,,,,,,,,,,,
,,,,,,,,,,,
,,,,,,,,,,,
17,"(3.340953149918953, 48.53508504796802, 24.668238885740188)","(3.8980638911449454, 42.6035029485554, 20.496610552130463)",130.9505155,122.5006004,2633431,Lines3,High,86.02804879,82.48428475,0.01213365,0.012516099
44,"(3.586169840819729, 44.854869688115855, 22.726062364499647)","(2.125257195732961, 80.88076278053198, 36.92641936719228)",126.3543891,159.3589013,10120380,Lines3,High,84.60877958,86.73164743,0.012270011,0.012742402
129,"(3.6598997488680194, 43.98522671463587, 22.372764540577908)","(4.1220043272124665, 38.25186041384151, 18.07396931265527)",125.867302,112.7528401,248756,Lines3,Low,84.88353699,76.66201371,0.012212685,0.013422642
130,"(3.7362526543691588, 43.61322930960923, 22.05158176330837)","(4.362106859202363, 36.78394421938263, 17.304240237007093)",126.0035102,112.2668893,437488,Lines3,Low,85.29027286,77.44102092,0.012137354,0.013248026
131,"(4.340317000671404, 36.65189799507749, 17.1704072876296)","(3.5127192620199197, 45.83208988390004, 23.233968206524956)",111.1769087,127.4464975,647614,Lines3,Med,76.47744831,84.85710822,0.013418314,0.012252739
132,"(3.6801542252282453, 44.44134725912839, 22.353250284916147)","(4.851805725115968, 32.20953586677548, 14.811188288062237)",126.7047557,104.070544,544183,Lines3,Med,85.24632645,73.37149166,0.012156073,0.013915752
133,"(4.645636093540785, 33.271781463863526, 15.306662160141506)","(3.556293041416243, 44.91051328090347, 22.69684608139623)",104.3809637,125.6271491,295907,Lines3,Low,72.73795227,83.84701613,0.014062881,0.01238902
134,"(3.954893880557174, 39.32096688282117, 18.460828074407104)","(3.5142271209766567, 45.59955349397644, 23.040239199324947)",112.3315829,126.568187,136447,Lines3,Low,75.3083808,84.18296875,0.013696638,0.012350462
135,"(5.702991533358144, 29.91528633562893, 12.869173984372711)","(4.255974033200717, 38.5473828477581, 18.219424139898013)",103.3080766,116.0887789,201056,Lines3,Low,74.51253118,79.65309483,0.013625317,0.012896337
136,"(3.8222934166681113, 43.16959945753043, 21.196025495548653)","(3.3896052477043463, 48.214119017326595, 22.83932311530034)",124.1870282,125.6304085,90725,Lines3,Low,83.74422518,80.71503304,0.012343023,0.012917178
137,"(3.4682121939016524, 46.452265199470666, 23.331823205254913)","(4.039589588018271, 40.164508289255664, 18.706058382215154)",127.3719789,115.729307,67256,Lines3,Low,84.21623387,77.84571548,0.012357928,0.013233675
138,"(3.549621972711887, 46.68436931818057, 22.95393832883625)","(3.711925768205747, 43.07203603972225, 20.307448990546796)",128.1621732,118.4517792,384046,Lines3,Low,84.64936979,78.06726695,0.012273281,0.013266164
139,"(3.147939936708391, 49.8563570689134, 26.461958861832265)","(2.6093412608689452, 55.98784842481817, 30.42860502523988)",133.1570142,135.386463,6505,Lines3,Low,87.40271587,85.02964192,0.012004707,0.012594678
140,"(3.288166564552455, 49.40503228808697, 25.610887591583122)","(4.797195340800549, 36.327774418830025, 16.4988441094096)",133.6178966,115.4759525,129147,Lines3,Low,88.02115695,80.8495266,0.01187467,0.01263453
141,"(2.9104399445636453, 54.47781397753488, 28.340658089675998)","(4.4982024586256815, 37.70498400080511, 17.30415567825567)",136.9615973,115.5425796,100089,Lines3,Low,87.21678404,79.73785234,0.012123595,0.012847262
142,"(2.5896708971673559, 96.74034269265871, 48.89006264821711)","(2.5056738284532116, 65.69864983963147, 31.91280048965649)",223.3495151,145.6617188,1480,Lines3,Low,135.7207455,86.0959885,0.007898322,0.012505773
143,"(2.109201628096066, 62.10469370762644, 48.71051642023939)","(2.507063283329164, 66.298513346602, 32.31454273112574)",164.8449942,147.3131169,3424,Lines3,Low,113.7026111,87.22153214,0.009733279,0.012343454
144,"(3.338256259177797, 48.85915422192206, 24.69621996638607)","(5.029905983076375, 35.07272442686225, 15.498691079542668)",131.3014651,113.0296834,73540,Lines3,Low,86.06182606,79.4826829,0.012129694,0.012827591
145,"(3.0071121072047537, 57.315304955965615, 27.682746883131408)","(3.9836302946957787, 43.58767814887694, 20.193228356090984)",140.5604283,124.0300344,213326,Lines3,Low,87.72733343,82.9381646,0.012012716,0.012431262
,,,,,,,,,,,
,,,,,,,,,,,
,,,,,,,,,,,
,,,,,,,,,,,
,,,,,,,,,,,
,,,,,,,,,,,
,,,,,,,,,,,
44,"(2.0285109345973105, 81.04511782980221, 38.451817934885156)","(2.230834561079679, 75.34114526433439, 35.56523205628538)",159.045051,154.6812941,10120380,Lines1,High,86.9628189,86.94679379,0.012820524,0.012603959
65,"(3.291230296541955, 50.72331851452351, 25.106065684093707)","(3.131965239178136, 55.468253021273, 26.197808691162237)",133.3531625,137.5188792,1091438,Lines1,Med,86.35974557,86.1314718,0.012102165,0.012187597
66,"(3.569823644762108, 45.86853569691273, 23.175366926150044)","(3.5124484335864863, 48.05231208032957, 23.01542511522073)",128.6005085,128.892806,294827,Lines1,Low,85.91668616,84.05293122,0.012087225,0.012370038
67,"(3.5676174144103565, 45.99047962556708, 23.366135114229188)","(3.951671480884321, 43.21506023832379, 20.33890527152171)",129.3519102,123.5877322,492361,Lines1,Low,86.57427084,82.90619674,0.011995955,0.01244204
68,"(3.7199172626970767, 43.90142008068155, 21.97054766684965)","(3.824895311720212, 44.312351002104585, 21.084543223978024)",125.6300396,124.9585215,344979,Lines1,Low,84.63020865,83.35684005,0.012235616,0.012399845
69,"(3.3003260580499516, 49.4465089612455, 24.63194140910784)","(3.6946688868312605, 47.3513483093037, 22.492702012298267)",130.7399471,130.4544346,235260,Lines1,Low,84.94324938,86.09323201,0.012301116,0.012033247
70,"(3.724205032982841, 46.51042041665098, 22.415164398401153)","(3.4024571875270535, 47.50913656648516, 24.32669764749543)",129.9890885,130.2796838,639256,Lines1,Med,86.43568486,86.27138409,0.011979108,0.012081592
71,"(3.3694960114744563, 50.96339157597261, 24.73501792998461)","(3.092772049186788, 54.746018058767746, 26.558572494579142)",134.3079358,136.8856287,767249,Lines1,Med,86.93753027,86.32655104,0.011998386,0.012174394
159,"(2.9988611059501453, 55.702199011987055, 27.127272126048098)","(3.0502742914716516, 55.62889790442462, 26.995362037921645)",137.0531203,137.9721567,95221,Lines1,Low,85.75465753,86.65542016,0.012292424,0.012144285
,,,,,,,,,,,
,,,,,,,,,,,
151,"(3.6579122394885806, 45.560637587715675, 22.97647440312524)","(2.5327724432602876, 63.47004149810368, 31.89289295777011)",129.6065645,144.2474819,10692,Lines7,Low,87.12999605,86.84556121,0.011898257,0.012379694
152,"(3.2164741525583436, 50.85544970907287, 26.06303264085183)","(3.5745177799775782, 46.40905121455034, 22.658999673279816)",134.6865205,127.4040484,89604,Lines7,Low,87.78912294,84.1048146,0.011928751,0.012346442
153,"(3.348900843206818, 51.67501749873641, 24.196734117733495)","(3.022628524883557, 55.578600389384306, 26.54731662991857)",132.7074808,135.8212769,128528,Lines7,Low,84.56797295,84.52009911,0.012340733,0.012462196
154,"(3.581522683219106, 46.58914208372974, 22.823973796860155)","(3.3883002652987964, 50.44304660443341, 23.939227066866614)",128.333722,131.556336,148333,Lines7,Low,84.87113831,84.57217222,0.012233227,0.012328436
155,"(3.918312062845767, 42.39462481509885, 20.48979886013733)","(4.754690915595668, 39.330374399356195, 17.806492460263165)",122.6800509,123.9947423,113863,Lines7,Low,82.85880455,86.51662483,0.012455561,0.011811344
156,"(3.3572516609673055, 48.721005707805105, 23.930192255075497)","(2.921270983887557, 57.80304802259833, 27.529998303296384)",129.0606834,138.2256333,86190,Lines7,Low,83.82790653,85.0040765,0.01244715,0.012434318
157,"(3.651069835560114, 45.341794854829224, 22.58759437881984)","(3.3973803917051333, 49.07555851923266, 24.32340185951611)",127.8106793,131.7114071,73241,Lines7,Low,85.50623562,86.14122905,0.012125785,0.012101286
158,"(2.773156778324785, 49.27894603112784, 25.769868457522)","(3.8147744342329237, 42.98169804947861, 22.18441674641179)",120.7428314,127.6102439,85260,Lines7,Low,75.96823702,87.48793698,0.013993082,0.011816344
159,"(3.4933065339384513, 47.946264457287135, 22.58949299602879)","(2.873685841289797, 59.35904603522428, 27.769868457522)",126.8582879,139.1609238,95221,Lines7,Low,82.08162184,84.49559334,0.01267234,0.012531033
,,,,,,,,,,,
,,,,,,,,,,,
,,,,,,,,,,,
,,,,,,,,,,,
,,,,,,,,,,,
,,,,,,,,,,,
,,,,,,,,,,,
,,,,,,,,,,,
66,"(2.755512689740798, 61.23140980828747, 29.27884230251901)","(3.02289795610929, 59.475360764187855, 27.160266570626213)",141.9096313,141.5780751,294827,Lines9,Low,85.82672097,86.47852783,0.012394919,0.012179865
146,"(3.2925274981431745, 50.74924247926775, 25.295034743770096)","(3.0027607927707725, 56.91965058589231, 27.583886402201827)",134.0338399,139.7474632,608739,Lines9,Med,87.04115668,87.30015652,0.012007022,0.012073239
147,"(3.5453981493709072, 45.84401140231838, 24.19823818413705)","(2.3744441915178487, 68.78368073606103, 34.39781726586788)",131.6364003,150.4593781,68436,Lines9,Low,89.13971461,88.62352611,0.011656046,0.012243544
148,"(3.341171180069962, 50.936058326422, 23.43614086629993)","(3.1191384290025157, 53.002920416076684, 25.21307441673905)",129.2402168,131.6459897,55212,Lines9,Low,81.73612376,82.58590361,0.012770714,0.012715679
149,"(4.202312584750343, 41.304439778691446, 19.466395820734476)","(3.321858630900734, 50.62999599457581, 25.349141601862915)",123.1083199,134.8362608,266342,Lines9,Low,84.08814049,87.93903578,0.012224359,0.011875601
150,"(3.386594328146719, 50.37802807490208, 24.22997411549041)","(3.057933793536157, 57.853699209181, 26.673327116190883)",132.435121,139.4189676,345743,Lines9,Low,85.55967591,85.81584577,0.012186637,0.01226012
